Workbook

Sheet Calculations
B2: MES1! | E2: MNQ | H2: M2K | K2: MYM | N2: MCL
B4: Input | E4: Input | H4: Input | K4: Input | N4: Input
B6: ATR Value | C6: 5 | E6: ATR Value | F6: 15 | H6: ATR Value | I6: 1.46 | K6: ATR Value | L6: 19.4 | N6: ATR Value | O6: 0.17
B7: ATR Multiplier | C7: 1.5 | E7: ATR Multiplier | F7: 1.2 | H7: ATR Multiplier | I7: 1.2 | K7: ATR Multiplier | L7: 1.2 | N7: ATR Multiplier | O7: 1.2
B8: ATR Win Multiplier | C8: 3 | E8: ATR Win Multiplier | F8: 2 | H8: ATR Win Multiplier | I8: 2 | K8: ATR Win Multiplier | L8: 2 | N8: ATR Win Multiplier | O8: 2
B9: Contract price | C9: 6880 | E9: Contract price | F9: 25194 | H9: Contract price | I9: 2644 | K9: Contract price | L9: 48849 | N9: Contract price | O9: 74
B10: No of contracts | C10: 1 | E10: No of contracts | F10: 3 | H10: No of contracts | I10: 11 | K10: No of contracts | L10: 6 | N10: No of contracts | O10: 20
B12: Stop loss | E12: Stop loss | H12: Stop loss | K12: Stop loss | N12: Stop loss
B14: Stop loss in ticks | C14: =C33*4 -> 30 | E14: Stop loss in tics | F14: =F33*4 -> 72 | H14: Stop loss in tics | I14: =I33*10 -> 17.52 | K14: Stop loss in tics | L14: =L33*1 -> 23.28 | N14: Stop loss in tics | O14: =O33*100 -> 20.4
B16: Output | E16: Output | H16: Output | K16: Output | N16: Output
B18: Win in $ | C18: =C6*C8*Calculations!C10*C10*Params!C11 -> 75 | E18: Win in $ | F18: =F6*F8*Calculations!F10*F10*Params!C12 -> 540 | H18: Win in $ | I18: =I6*I8*Calculations!I10*I10*Params!C13 -> 1766.6 | K18: Win in $ | L18: =L6*L8*Calculations!L10*L10*Params!C14 -> 698.4 | N18: Win in $ | O18: =O6*O8*Calculations!O10*O10*Params!C15 -> 13600
B19: Win in SEK | C19: =C18*Params!$B$7 -> 670.5 | E19: Win in SEK | F19: =F18*Params!$B$7 -> 4827.6 | H19: Win in SEK | I19: =I18*Params!$B$7 -> 15793.404 | K19: Win in SEK | L19: =L18*Params!$B$7 -> 6243.696 | N19: Win in SEK | O19: =O18*Params!$B$7 -> 121584
B20: Max Loss in $ | C20: =C6*Params!$C$11*C7*C10 -> 37.5 | E20: Max Loss in $ | F20: =F6*Params!$C$12*F7*F10 -> 108 | H20: Max Loss in $ | I20: =I6*Params!$C$13*I7*I10 -> 96.36 | K20: Max Loss in $ | L20: =L6*Params!$C$14*L7*L10 -> 69.84 | N20: Max Loss in $ | O20: =O6*Params!$C$15*O7*O10 -> 408
B21: Max Loss in SEK | C21: =C20*Params!B7 -> 335.25 | E21: Max Loss in SEK | F21: =F20*Params!$B$7 -> 965.52 | H21: Max Loss in SEK | I21: =I20*Params!$B$7 -> 861.4584 | K21: Max Loss in SEK | L21: =L20*Params!$B$7 -> 624.3696 | N21: Max Loss in SEK | O21: =O20*Params!$B$7 -> 3647.52
B24: Win in SEK | C24: =C19 -> 670.5 | E24: Win in SEK | F24: =F19 -> 4827.6 | H24: Win in SEK | I24: =I19 -> 15793.404 | K24: Win in SEK | L24: =L19 -> 6243.696 | N24: Win in SEK | O24: =O19 -> 121584
B25: Max Loss in SEK | C25: =C21 -> 335.25 | E25: Max Loss in SEK | F25: =F21 -> 965.52 | H25: Max Loss in SEK | I25: =I21 -> 861.4584 | K25: Max Loss in SEK | L25: =L21 -> 624.3696 | N25: Max Loss in SEK | O25: =O21 -> 3647.52
B27: Win Rate | C27: 0.67 | E27: Win Rate | F27: 0.67 | H27: Win Rate | I27: 0.67 | K27: Win Rate | L27: 0.67 | N27: Win Rate | O27: 0.67
B29: No of contracts | E29: No of contracts | H29: No of contracts | K29: No of contracts | N29: No of contracts
B31: No of contracts | C31: =C10 -> 1 | E31: No of contracts | F31: =F10 -> 3 | H31: No of contracts | I31: =I10 -> 11 | K31: No of contracts | L31: =L10 -> 6 | N31: No of contracts | O31: =O10 -> 20
B32: =B6 -> ATR Value | C32: =C6 -> 5 | E32: =E6 -> ATR Value | F32: =F6 -> 15 | H32: =H6 -> ATR Value | I32: =I6 -> 1.46 | K32: =K6 -> ATR Value | L32: =L6 -> 19.4 | N32: =N6 -> ATR Value | O32: =O6 -> 0.17
B33: ATR Value * Multiplier | C33: =C7*C6 -> 7.5 | E33: ATR Value * Multiplier | F33: =F7*F6 -> 18 | H33: ATR Value * Multiplier | I33: =I7*I6 -> 1.752 | K33: ATR Value * Multiplier | L33: =L7*L6 -> 23.28 | N33: ATR Value * Multiplier | O33: =O7*O6 -> 0.204
B34: Max Loss in $ | C34: =C33*Params!$C$11*Calculations!C31 -> 37.5 | E34: Max Loss in $ | F34: =F33*Params!$C$12*Calculations!F31 -> 108 | H34: Max Loss in $ | I34: =I33*Params!$C$13*Calculations!I31 -> 96.36 | K34: Max Loss in $ | L34: =L33*Params!$C$14*Calculations!L31 -> 69.84 | N34: Max Loss in $ | O34: =O33*Params!$C$15*Calculations!O31 -> 408
B35: Max Loss in SEK | C35: =C34*Params!$B$7 -> 335.25 | E35: Max Loss in SEK | F35: =F34*Params!$B$7 -> 965.52 | H35: Max Loss in SEK | I35: =I34*Params!$B$7 -> 861.4584 | K35: Max Loss in SEK | L35: =L34*Params!$B$7 -> 624.3696 | N35: Max Loss in SEK | O35: =O34*Params!$B$7 -> 3647.52
B38: Position size
B40: Worth in $ | C40: =C9*C10*Params!C11 -> 34400 | E40: Worth in $ | F40: =F9*F10*Params!C12 -> 151164 | H40: Worth in $ | I40: =I9*I10*Params!C13 -> 145420 | K40: Worth in $ | L40: =L9*L10*Params!C14 -> 146547 | N40: Worth in $ | O40: =O9*O10*Params!C15 -> 148000
B41: Worth in SEK | C41: =C40*Params!$B$7 -> 307536 | E41: Worth in SEK | F41: =F40*Params!$B$7 -> 1351406.2 | H41: Worth in SEK | I41: =I40*Params!$B$7 -> 1300054.8 | K41: Worth in SEK | L41: =L40*Params!$B$7 -> 1310130.2 | N41: Worth in SEK | O41: =O40*Params!$B$7 -> 1323120

Sheet Params
B4: Params
B6: USD/SEK exchange-rate
B7: 8.94
C10: Multiplier
B11: MES1 | C11: 5
B12: MNQ1 | C12: 2
B13: M2K1 | C13: 5
B14: MYM1 | C14: 0.5
B15: MCL1 | C15: 100

Sheet Misc
H7: 24
H8: =Params!B7*Misc!H7 -> 214.56
H9: =10*H8 -> 2145.6
